,TITLE_LENGTH,hurst,approximate_entropy_value,word_count,average_sentlen,bzipr,msttr,BZIP_TXT,flesch_grade,flesch_ease,smog,ari,dale_chall_new,mean_sentiment,std_sentiment,mean_sentiment_last_ten_percent,mean_sentiment_first_ten_percent,difference_lastten_therest,SPACY_ADJ,SPACY_NOUN,SPACY_VERB,SPACY_ADV,SPACY_PRON,SPACY_PUNCT,SPACY_STOPS,SPACY_SBJ,SPACY_PASSIVE,SPACY_NSUBJ,SPACY_AUX,SPACY_RELATIVE,SPACY_NEGATION,BIGRAM_ENTROPY,WORD_ENTROPY,average_wordlen,bigram_entropy,word_entropy,ang_slopes,ang_skews,ang_kurtoses,ang_overall,dis_slopes,dis_skews,dis_kurtoses,dis_overall,fea_slopes,fea_skews,fea_kurtoses,fea_overall,ant_slopes,ant_skews,ant_kurtoses,ant_overall,sur_slopes,sur_skews,sur_kurtoses,sur_overall,sad_slopes,sad_skews,sad_kurtoses,sad_overall,joy_slopes,joy_skews,joy_kurtoses,joy_overall,HURST_SYUZHET,TTR_VERB,TTR_NOUN,FREQ_OF,FREQ_THAT,self_model_ppl,gpt2_ppl,gpt2-xl_ppl,VERB_NOUN_RATIO,ADV_VERB_RATIO,PERC_ACTIVE_VERBS,PASSIVE_ACTIVE_RATIO,NOMINAL_VERB_RATIO,APPENT_SYUZHET,concreteness_mean,valence_mean,arousal_mean,dominance_mean,concreteness_sd,valence_sd,arousal_sd,dominance_sd,arc_mean,arc_sd
BESTSELLERS,15.771929824561404,0.6189912280701754,1.827048892467586,198363.84210526315,90.06802509552645,5.181340004715576,0.6856467128322605,2.9094894638412727,5.271929824561403,82.43197368421055,8.296929824561404,6.984210526315789,4.998771929824562,0.03669377065199102,0.3677392924176035,0.03230281077676127,0.0479648136620318,0.005150943161248454,10267.631578947368,27077.605263157893,24445.469298245614,9548.048245614034,23800.587719298244,33202.03070175439,96537.99122807017,19509.513157894737,1030.328947368421,19509.513157894737,8671.942982456141,1766.0526315789473,2052.2763157894738,14.815048532297297,8.379926582300726e-05,3.6734983061310054,14.980189776251839,9.75948176497174,0.011672979877500711,1.1764605621117614,1.980536536147702,3.346261027512689,-0.006570095962160943,1.2155160556208544,2.2864337510387713,2.0588058169782615,0.005601740829086533,1.1164166314684056,1.8038193699992378,4.514036263762617,-0.010753740418760415,0.5537504793534515,0.43306150282170364,5.0251850150585335,0.013999841689920228,0.9196358569277802,1.4034099296506697,2.8523565934302875,0.01427437588010156,1.01650502675515,1.5962501814339205,4.035494913528407,0.0013086578542571875,0.779217215649906,0.8861722906153369,5.921122445808343,0.6358333333333334,0.15208485852524956,0.20191804960571427,0.017956578549113904,0.010091046143760071,61.4730350877193,27.963720175438596,17.677342543859652,0.9210649624738008,0.39524353088616276,23415.140350877195,0.044150318788246275,1.5319520507186275,1.9470507017417606,2.6980382925973405,0.584756342464366,0.4322174325241888,0.5069182894486927,0.30245702906085276,0.08608035784401565,0.07095124300543351,0.0655225786943174,0.036688798249989385,0.03919200638677832
CANON_ALL,16.583922261484098,0.6107685512367491,1.7667988904390506,142132.18374558302,94.30340925117407,5.1983226529856665,0.6870475149672335,2.901892726689771,5.692049469964664,81.1374734982332,8.467756183745584,7.505742049469965,5.173639575971731,0.034494616440535274,0.36454781410713893,0.02911485807056728,0.04603316448661802,0.006235629850177161,7427.253968253968,19899.484126984127,17560.443562610228,6922.320987654321,17067.20017636684,23805.055555555555,69100.36331569665,13776.29012345679,699.5229276895943,13776.29012345679,6073.5564373897705,1241.7680776014108,1496.5643738977071,14.603225399071166,0.0001235857044087252,3.6958704086242102,14.751201566983507,9.735697817754668,0.004434377920310609,1.172924855917488,2.0091496765899364,3.43823858047737,-0.0009096222382519946,1.232976607250307,2.3671835632412437,2.1314977816859835,0.0046067917394919215,1.1187252913577854,1.8951298840937578,4.664713258617037,-0.003517838242733279,0.5591690321825653,0.4161330649064692,5.119461881543723,0.0034900180472627095,0.8849381697920475,1.2556258516367913,2.9173044605161063,0.0055748287711936285,0.9967776609625582,1.524847992412902,4.1812336749159815,-0.001594375085866287,0.7716095622123162,0.9021555062336873,6.147631070420386,0.626358024691358,0.18963801178288006,0.23881575066676572,0.018684517073608395,0.00978321917838305,75.61100008818342,32.18365925925926,20.521214285714287,0.8948461011071968,0.3975041613425461,16860.920634920636,0.042294987864263764,1.5819681495222786,1.8790992150122852,2.7028523126888424,0.582593840058574,0.43078817231036187,0.5040122176652592,0.3026423156990652,0.08573021180459918,0.07072442157301488,0.06543371955440233,0.03448550700905929,0.04331946727088932
PULITZER,15.754716981132075,0.6062264150943395,1.778109798431883,162138.24528301886,95.82075228961924,5.242067537325124,0.6869447350008311,2.9143333570407712,5.554716981132075,82.55509433962263,8.160377358490567,7.332075471698112,5.088301886792453,0.037166362787418854,0.36212628992144985,0.03027164298126355,0.04983522965505999,0.007389175549145883,8189.259259259259,21952.444444444445,20269.35185185185,8140.12962962963,19547.48148148148,26106.5,78858.72222222222,15878.648148148148,700.4629629629629,15878.648148148148,6940.2037037037035,1406.6666666666667,1822.0740740740741,14.672620212967582,0.0001005594137234918,3.643806768413825,14.826237747885935,9.687443263946898,0.006910795136863274,1.1984036073961775,2.0942222279776,3.3886306972107993,0.0017632332951384407,1.2206911939676408,2.494057215304496,2.1420709994704965,0.006061407851717339,1.1178741537154764,1.7572276532877198,4.590654094447193,-0.014284318526457326,0.6011427723080766,0.4716288963909849,4.882345775697861,0.0029613569150132198,0.9175387197994115,1.3268906345039397,2.8646834940889683,0.015346176132163237,1.0043492481618737,1.3785098875125272,4.093162894229053,-0.012608219776352873,0.7908506300295963,0.8483157226204937,5.663615016158401,0.6162962962962963,0.16516929908894543,0.21867561699537139,0.017080764011493943,0.009554899944545656,66.06847222222223,31.465783333333327,20.047114814814815,0.9278144953872287,0.4069569755025321,19568.88888888889,0.0361249702955841,1.5230922000300584,1.9015017010677953,2.7262807669250066,0.5869847320518382,0.4231837252273615,0.4992469710644261,0.30044533941210233,0.08488706440047931,0.06952558859959011,0.06450456021335424,0.03716061912442717,0.04031440882693455
NBA,16.046728971962615,0.6019626168224299,1.7807680423215126,153861.07476635513,94.86041652793418,5.2526875882070785,0.6886395347998863,2.8784083617856138,5.574766355140187,81.85336448598132,8.340186915887848,7.32429906542056,5.178317757009345,0.0315004214567,0.36190292915199,0.023847654811245775,0.03477283379367087,0.008446479879741772,7896.869158878505,21709.33644859813,19266.3738317757,7330.943925233645,18857.41121495327,25556.906542056076,74866.47663551402,14979.18691588785,686.7102803738318,14979.18691588785,6548.345794392523,1353.8130841121495,1707.0467289719627,14.722994263836007,0.00010515607232078956,3.6770520053910456,14.871027630753424,9.80547473094379,0.0024050477097533984,1.196524845768867,2.1618322281910474,3.3889160209135714,0.0004005377214907389,1.2678493803143598,2.6523221635714433,2.192779930677785,0.003457086398340141,1.1469306717093732,2.1433051826572935,4.55922174889562,-0.0021456523028330864,0.577343503937624,0.5147673934480101,5.0164438350802145,0.00047263770816634044,0.9038200882988215,1.3161692126767761,2.8513674448124937,0.002125128895631301,1.0373397194034017,1.7352783037754962,4.107848555039026,-0.0028088834102042415,0.791733923615767,0.9402939491921785,6.152102779216758,0.6121495327102804,0.18554945475778417,0.24076288724368933,0.017869676666845483,0.00936349449981439,70.76402803738318,33.55656355140187,21.62899532710281,0.8872996816146809,0.38466876831557345,18579.66355140187,0.03870958795984868,1.5895078133097307,1.8993695357816143,2.738055170536054,0.5819834941277198,0.4258097070291665,0.4979949030773138,0.2986571558556478,0.08448611641973715,0.06926487503817469,0.06423581593281229,0.031497166172208296,0.03832484127586664
HUGO,15.364583333333334,0.6128125,1.759550740499894,154447.76041666666,80.7920523594258,5.4451954937599,0.6948795857131156,2.86534670428415,5.310416666666667,79.86645833333334,8.488541666666665,7.035416666666666,5.091875000000001,0.01758984912309108,0.3385807943708274,0.021079393704946273,0.031070050621430378,-0.003006410406050585,8464.96875,22085.947916666668,19116.552083333332,7713.239583333333,17041.53125,27148.239583333332,72946.30208333333,14922.291666666666,786.5104166666666,14922.291666666666,6692.96875,1208.65625,1619.09375,14.90218662065906,9.940108916126754e-05,3.7540232466789845,15.058275443298996,9.981914301867223,0.0022016549350188856,1.1710320826291831,2.0239915908641115,3.415197639712774,0.000561581498727166,1.2018933027269598,2.3040700953810913,2.1846015334053486,0.0032827724984658816,1.1670100872399545,2.2147764256717077,4.650346549932017,-0.003650287356464984,0.56563187236613,0.3444588776520192,4.795540004863445,0.00044866564668952507,0.9068777818600785,1.3211050091480532,2.77921025715658,0.001646848527714972,1.0359535312997525,1.825315875869272,4.139776075635409,-0.00275170205076247,0.7681649458113077,0.8956878829390572,5.641949225379783,0.630625,0.1847060509999432,0.23293639326351342,0.01815732161377738,0.009540779718617212,74.31879583333334,32.484728125,21.006017708333335,0.8910400274532518,0.401462698809333,18330.041666666668,0.04239053792399313,1.581476965595428,1.922592858706493,2.6888592368266138,0.5760771411680335,0.4357188394596996,0.5116399761279972,0.3184802836467758,0.08611261202353375,0.07238629987009083,0.06731928671204503,0.017583086887171348,0.03550670050774901
GOODREADS_CLASSICS,20.419354838709676,0.6109677419354838,1.6938069354511016,94355.3870967742,84.76239938549621,5.2048476521210185,0.671825238692849,2.973064423786529,5.004838709677419,84.83338709677417,7.933870967741934,6.754838709677419,5.124354838709678,0.02808110433141313,0.36345406945815995,0.012888861173656405,0.037993290735508015,0.015915987897210042,4909.935483870968,13061.290322580646,11624.354838709678,4607.370967741936,11299.290322580646,15980.951612903225,45994.98387096774,9243.59677419355,454.0,9243.59677419355,3838.8870967741937,766.8225806451613,1019.0645161290323,14.153533210308119,0.00017196163333074987,3.615049070785774,14.300058193904112,9.506293594350348,0.0061918798752774356,1.1453178318231734,1.9526041951135749,3.4756401704198545,0.0018845022899596751,1.243344134418998,2.5745372377803983,2.173664057336443,0.005103481770735772,1.0829234252087538,1.7548260634747026,4.613095563131364,-0.014141669111354437,0.5123559520430929,0.29616486517087154,5.328682840079278,0.002124466745905647,0.8940938109819127,1.2976158947145005,2.972341333959208,0.014569465762768864,1.016058915771621,1.6682630205667097,4.238037476692826,-0.013297825387265915,0.7214233433200852,0.6600639040195873,6.423748577215415,0.629032258064516,0.20361489207460512,0.2567088086042086,0.017994289001283206,0.008991422457038796,73.05519032258064,29.84525483870968,18.538535483870966,0.8980904991622655,0.39901554227171565,11170.354838709678,0.04327825914179767,1.5697342816784123,1.8151466852150493,2.7203053607949945,0.5789480802313259,0.4278101928635293,0.4983159332266353,0.3086125011975299,0.08705502077856862,0.07244098531984032,0.06663494588924541,0.028067451537985802,0.04955114834265093
OPENSYLLABUS,16.884453781512605,0.6063865546218488,1.730555641430193,116374.03571428571,101.02719131392723,5.1153872595401415,0.6836249159424593,2.9182532370074363,6.065336134453782,80.55783613445378,8.589495798319328,7.963235294117647,5.282731092436975,0.03715744406739622,0.37158474802887376,0.02845580205429752,0.05137487530197782,0.009790048174880845,6254.012605042017,16435.943277310926,14143.932773109243,5813.13025210084,14023.800420168067,19174.676470588234,57101.01680672269,11114.144957983193,554.5063025210084,11114.144957983193,4897.365546218487,1057.7731092436975,1261.5525210084033,14.404673533019286,0.00015463232116886457,3.698679926069539,14.543153771190498,9.645384350862189,0.003409627130937285,1.1588266176834445,1.9495475124348765,3.4988887187906696,0.0010226474253305583,1.2493647373070733,2.478710227684198,2.171178959913384,0.005192372678288394,1.1021648288406511,1.8357824830479663,4.762604546932974,-0.0027106351727305333,0.5550169865971315,0.428159669819267,5.225215415837027,0.001068391116953466,0.8791229420434775,1.247045448361442,2.986539681734354,0.00509499083201427,0.9785537718788281,1.4743915216708678,4.2669084130119375,-0.0037656608235940984,0.7585368518987676,0.842097628465492,6.338771974145655,0.6207563025210084,0.20904668018415148,0.259321550428478,0.019488618308437664,0.010059194168816293,84.03317016806722,34.79572983193277,22.26301470588235,0.8811969206191305,0.4109580349374464,13589.426470588236,0.042532755193616385,1.6249338409499858,1.8246999972372502,2.6969621944527122,0.5830687540589792,0.42943987472790096,0.5017425756369485,0.30123909777935104,0.0860623081103889,0.07066785271283413,0.0654863652708,0.03714355699580843,0.04811815298208858
NORTON_ENGLISH,15.596774193548388,0.6041935483870968,1.7870150130477382,125242.2258064516,100.6023681825706,5.061054132468196,0.6910594543469986,2.8523784722797774,6.482258064516129,78.47016129032258,8.970967741935485,8.438709677419356,5.370967741935483,0.025550061983997275,0.38243390663886784,0.018999010086749927,0.03269739106985914,0.007105608321044423,7129.629032258064,19044.483870967742,14567.838709677419,5794.209677419355,14398.564516129032,20007.3064516129,61420.75806451613,11177.90322580645,780.016129032258,11177.90322580645,4908.887096774193,1180.1451612903227,1139.3709677419354,14.613722376169957,0.00012462003450492773,3.7917039089472544,14.750813414997944,9.791719137857248,0.0033782997169453247,1.1866147287321644,2.007415175118791,3.3125821878864534,0.0008690602917756306,1.1969100732240152,1.9666669164294515,2.170166761432888,0.004771057298400921,1.180462002972806,2.1946483693667047,4.476852123274719,0.0014796835655929888,0.6079679655346306,0.6635016623489165,5.151385403227068,0.002019403683835327,0.8982462770587382,1.451174878282312,2.9716412031013224,0.006006866011988863,0.993730449926314,1.4729859466778163,4.2323332089478,0.0030882691950240267,0.7326974387184331,0.794267477727101,6.221145689978217,0.62,0.22128688784348127,0.25453970934008413,0.02239954253382706,0.00940496243284651,109.84690806451611,42.82574354838708,27.15956451612903,0.7760521055901479,0.40050054181633793,13787.822580645161,0.05729748532557482,1.806423229788675,1.8550925118249169,2.6714681169636365,0.5773448445961262,0.43084777048101136,0.5005076917827603,0.29939156958424024,0.08511323375586345,0.06983001300434083,0.06487964922418575,0.025546528522085755,0.04602803794010769
NORTON_AMERICAN,17.923076923076923,0.6069230769230769,1.7187595842987582,106398.27514792899,105.49766509118453,5.069165138268607,0.6832624770610596,2.911465371610649,6.41094674556213,79.40127218934911,8.8198224852071,8.321893491124259,5.35973372781065,0.043372126292482875,0.3752020398156831,0.033679161890301394,0.06146445025494731,0.010774286736698677,5708.65976331361,15165.715976331361,12813.934911242604,5226.792899408284,12878.168639053254,17016.381656804733,52702.92603550296,10077.810650887574,515.008875739645,10077.810650887574,4542.08875739645,1013.905325443787,1147.4940828402366,14.32507307436588,0.00016509586669873457,3.7145994681334056,14.457613696651853,9.612870053428168,0.0037098129580670227,1.1649761796977673,1.9907554551839002,3.581046672097355,0.0006009507970784184,1.2487723137739626,2.529880400850794,2.203094072837624,0.0055023037643432485,1.0955632703634237,1.8016769789788976,4.823922067297524,-0.003542807158736863,0.5527232722751977,0.40886576633400606,5.266175175351802,0.001594622141865021,0.8556140429393116,1.1197151111999024,3.007122280527561,0.006302149514683484,0.9855411551903722,1.478307073563391,4.298066844157849,-0.002634144261940058,0.7721023143813829,0.9549182003833883,6.395284478351406,0.6203550295857988,0.21784702768355502,0.2708051627975245,0.019985832067255252,0.010242775787376418,87.50130029585799,35.09538431952663,22.350911242603555,0.864472202271715,0.40876176891691834,12298.926035502958,0.04365313438549579,1.6441387576240396,1.8098222223030636,2.685565741311225,0.5863329996161559,0.43131271263911275,0.5054121037687344,0.2969527426544414,0.08586543274497715,0.07022933142811685,0.06551792862003349,0.043352989641147865,0.051056038384916104
GOODREADS_BEST_20TH_CENTURY,17.38095238095238,0.6135714285714284,1.7650147633962512,180517.69047619047,87.69562045015515,5.395678809765809,0.6774844432027934,3.05126247811947,4.938095238095238,85.16285714285715,7.6380952380952385,6.511904761904762,4.950238095238094,0.021610152226641394,0.3583138530227901,0.01963423851906276,0.042362535022754326,0.0026681116562771905,8628.232558139534,24616.232558139534,22816.441860465115,8249.976744186046,22185.6511627907,29260.6511627907,87194.37209302325,18114.883720930233,779.5116279069767,18114.883720930233,7659.3488372093025,1575.6046511627908,2011.3255813953488,14.533445680154152,0.00011012491494120276,3.5894256185020166,14.700844548080369,9.59412756194381,0.009123221574182796,1.1156404327335447,1.8431062427165192,3.3809358451085703,0.0024327089543304333,1.062539685410698,1.6445797276320824,2.1796317837379,0.008062313685858098,1.0205416533991103,1.5916823876111499,4.579763263514879,-0.019022097510219996,0.4775415173837025,0.34965367136811043,5.1005300653526735,0.003439754342834178,0.8230060102765514,0.9855046759007983,2.876256519696349,0.02045880202792098,0.8929375555751307,1.1050874769701926,4.166949166770771,-0.015785231664511824,0.6140306543190792,0.41044838341660056,6.15659415552366,0.6353488372093024,0.15606106928272576,0.20132907251333054,0.017577101740967285,0.009246302422429289,70.62545813953489,30.20593255813953,18.7790488372093,0.9491852108672855,0.380116791546611,22036.93023255814,0.036628988112536925,1.4719369579743142,1.8828447978708083,2.7510882456240164,0.5773151418668605,0.4260499828687321,0.4937675043015031,0.3085876156875926,0.08600183217374051,0.07191400973800989,0.06532218282478705,0.02160053000438344,0.04026310864472173
NOBEL,14.80952380952381,0.5974999999999999,1.7022811040777615,123302.6,89.41784199756952,5.329878987381879,0.6791604606999373,2.958638612613055,5.230588235294118,83.85964705882354,8.004705882352942,6.998823529411766,5.107176470588235,0.03209064960019336,0.3510900872865174,0.02518633103399234,0.03868311744640479,0.007634057047286357,6357.270588235294,16996.105882352942,15333.623529411765,6214.682352941177,15196.858823529412,21053.58823529412,61492.15294117647,12170.788235294118,560.1764705882352,12170.788235294118,5387.976470588235,1080.035294117647,1531.0823529411764,14.456237368437279,0.00012697229636972495,3.6365627366221207,14.60725154968154,9.61384788807269,0.007626228286560857,1.1815397284025182,2.0414690978094185,3.3280608362676496,0.0017552599287907276,1.2120913388806318,2.346531331697423,2.1297774348590273,0.008249055090259132,1.1454485709292357,2.014586690835945,4.515450310021366,-0.011226156206104761,0.5117762897080073,0.30189665658608084,5.189060657007555,0.002100115496142785,0.8293805971400676,0.9734808750141216,2.9677307926128798,0.012009267080392308,0.97945767441393,1.3330389564271397,4.14364558717947,-0.009892809143557207,0.7249322406443695,0.7325431859137881,6.165970378650252,0.6164705882352941,0.18307959630444431,0.24121018244766168,0.017425640592353582,0.009683162668020384,77.6569705882353,34.01263411764705,22.242777647058823,0.9143774245712776,0.4009162247330428,14773.447058823529,0.03830910112553125,1.52698636232199,1.8441525709565867,2.72517928277116,0.5834865867756956,0.42501428376191586,0.49976375399242473,0.31371187689587854,0.08676434188099481,0.07199256898699105,0.06629955574744181,0.031864478560531366,0.03880823548423958
NEBULA,16.83695652173913,0.6089130434782609,1.7320375591450414,148628.20652173914,84.65543493832796,5.514521376715959,0.6940160111886067,2.864476613227955,5.26304347826087,80.93021739130435,8.414130434782608,7.085869565217391,5.113369565217391,0.015187606864986639,0.3351735231296324,0.017560653882007362,0.026175918552834587,-0.0017696473794653832,7857.684782608696,21545.380434782608,18627.097826086956,7150.478260869565,16762.902173913044,26274.847826086956,69843.72826086957,14541.619565217392,699.3804347826087,14541.619565217392,6254.608695652174,1115.858695652174,1482.8695652173913,14.847735709829044,0.00010109887725281358,3.7396026969143876,15.00406659006158,9.961047084322313,0.00157930469299568,1.1472496330746167,1.881197800483797,3.6292729939358104,-3.496898712718422e-05,1.2082613807875613,2.457973388224903,2.2685709153990357,0.0030016672208434034,1.1209687750957007,1.9031374802726737,4.961421727429615,-0.0015709573303325987,0.5633086278349186,0.41415127481664604,4.942922184696735,0.00042699656073158125,0.9274722514369813,1.416583745920165,2.915324825417187,0.0026515314783449096,0.9857164442395734,1.5442430329716943,4.350476499332058,-0.0038494576975238526,0.7400800384379206,0.7199566280294086,5.78850688648933,0.628804347826087,0.18535504274176426,0.23339676867457082,0.018245729191189733,0.008983801748915528,79.09801847826087,33.030971739130436,21.242665217391306,0.8957069554705323,0.38263513382008735,17927.717391304348,0.03913938996472265,1.570414983576925,1.9001958047900194,2.717605802472583,0.5746658913118405,0.4336235280698987,0.5070926054478755,0.3177125838576802,0.08572949359265222,0.07182190872614351,0.06662986150356955,0.015182048489161581,0.0350278836507736
LOCUS_HORROR,17.6,0.5900000000000001,1.8450159385219895,263849.4,99.38111138476515,5.363750806900874,0.697993588153631,2.8916310731531416,5.779999999999999,81.146,8.399999999999999,7.94,5.034,-0.009803342674645126,0.3544414034401218,-0.004877539200172941,-0.015653565483698458,-0.005445983774271981,13703.0,37768.8,32289.6,13626.0,30588.0,42012.2,129366.2,25037.8,1206.4,25037.8,11195.4,2106.2,2541.0,15.138845152773309,5.6793747059775555e-05,3.7584281826352246,15.306674338740507,9.920319993907787,-0.00044292984242054587,1.1512169918359505,1.7465054077166235,2.910037264432741,-0.0013493939365496882,1.3758591493511734,2.923871402698212,1.6308697846694393,8.422117101400811e-05,1.3488505565335658,2.996552341323811,3.922754726561375,-0.0018766636908598383,0.5647326401330633,0.42404115811060034,4.761517995014847,0.0004910050920192841,0.8235401218562813,1.067402504185665,2.5996015297511583,-0.00021912141856438635,1.0349441162767188,1.6253768080245514,3.2489563867377242,-0.0042415156303358325,0.9378722537344741,1.2685685638154358,5.002865639658869,0.622,0.1399059553183299,0.1748554052729589,0.02008844987617468,0.009759877395679763,65.23744,29.60742,18.37778,0.8269648240119143,0.41464438582622976,31083.2,0.03754667074179091,1.6529619260880228,1.9719651031509091,2.755576644068828,0.5598043188574395,0.42803672085483385,0.4893623746893569,0.30353756971959484,0.0833814709167627,0.07081325310753925,0.06255025319813398,-0.009808440476437138,0.025221926790874254
LOCUS_FANTASY,16.833333333333332,0.6383333333333333,1.8981453660176602,281058.6666666667,94.58723251174484,5.105716790909672,0.6875375871059365,3.019482238340745,4.466666666666666,89.05333333333334,7.333333333333333,6.6000000000000005,4.836666666666667,0.032293132313796505,0.37907611098701577,0.0259531243580584,0.04479357509357305,0.006401445979413649,13158.333333333334,37739.666666666664,35004.5,12678.5,35528.166666666664,49025.166666666664,136848.0,29076.833333333332,1346.1666666666667,29076.833333333332,12101.666666666666,2159.5,2777.8333333333335,14.985482015259073,6.958533687773902e-05,3.5838690481168665,15.169920695625862,9.650045959179034,0.005267809209153867,1.2424019878534318,2.192651551376517,4.14368211679387,0.002749854670162911,1.2544482960240348,2.880630575079387,2.5203230504853167,0.008209401408393819,1.148984394848065,1.8705283995468898,5.248990843259602,-0.001999096580184895,0.7435478975650046,0.9428513411518201,4.7808856163546976,0.0003195791335023621,0.987919517605505,1.6583665880355847,2.9507002779001623,0.0067773977715472845,1.03336875296659,1.8298585169469674,4.459209846445594,0.00038523619594683835,0.7897948492085192,0.6842193369640862,5.642888768026112,0.6666666666666666,0.12892715049890183,0.16605332437573092,0.018152702933732886,0.009329981813817079,69.00201666666666,27.743616666666668,16.807733333333335,0.9679208230521429,0.37649783580078094,33658.333333333336,0.03858258034020858,1.4249159539907927,1.992232350047592,2.721177406491315,0.5812168059227283,0.4358758694228581,0.5038587937417028,0.27879674568878354,0.08510748991775029,0.06991103577703771,0.06489189391264674,0.03230209563506785,0.040001370649354245
LOCUS_SCIFI,14.75,0.6183333333333333,1.8390759156387915,242659.91666666666,89.05816843461724,5.371514239719588,0.701608319382664,2.8881077148546717,6.108333333333333,76.28249999999998,8.9,7.699999999999999,5.015833333333333,0.01524230673997781,0.34437552768683927,0.027264047618312134,0.02265048753500604,-0.012520015479998254,13865.5,36791.5,29364.0,12216.333333333334,24315.916666666668,39039.083333333336,115807.0,22103.083333333332,1323.6666666666667,22103.083333333332,10260.666666666666,1975.9166666666667,2085.5833333333335,15.275180478730062,5.598004225501185e-05,3.863813987508425,15.443689595919784,10.05982696690541,0.0007000139217692856,0.9831625179620774,1.2943635047703121,3.363607689508284,0.0008378226572893522,1.1361021485073473,1.8736063810256862,2.035169401062558,0.0020349084794117583,1.0892876786697603,1.9108210704595916,4.573888445407162,-0.0004076335060753836,0.5113127648661683,0.1399783954871782,4.83857626326545,0.0009805295053805438,0.9713473787285749,1.5288710558710124,2.7260331158858864,0.0017065884917501432,1.1255231014926155,2.3603581441591475,3.9805547894959887,-0.0016966471155606354,0.745238702315299,0.6275998184834142,5.35560173116463,0.6491666666666667,0.1490683312542309,0.18710625508898795,0.021023384677834604,0.009701040894851012,80.38163333333334,32.71199166666667,20.858308333333333,0.8493785839032042,0.41182526099724304,28040.333333333332,0.04580565530394599,1.6838722560365555,2.0091155529850186,2.6590709359126694,0.5733237189036281,0.43316075822429684,0.5116289212710328,0.30834032321203536,0.0835957197610145,0.07040451579540556,0.06514514596179992,0.015242307558047423,0.031022398452968575
BRAM_STOKER_AWARD,13.533333333333333,0.6206666666666667,1.8199315764864763,196256.0,85.11755378883569,5.293715113871784,0.6975961549782282,2.866746780279509,4.993333333333334,83.568,7.926666666666667,6.579999999999999,4.9479999999999995,0.002878771321847167,0.3515166910848089,0.0047612146588009744,0.005354044475555886,-0.0020427052167128704,9797.533333333333,27559.8,24899.266666666666,9606.733333333334,23235.066666666666,32009.8,94742.0,19505.733333333334,849.0666666666667,19505.733333333334,8142.2,1573.1333333333334,1925.8,14.966030787052034,6.759766130377228e-05,3.6574722596744076,15.127820928791236,9.874619175657221,0.002118248387311167,1.2944336162610297,2.269815798571988,3.2333514839089275,0.0007040092868329312,1.178627418205981,1.8341446599956608,1.8358864475448768,0.003800553836136113,1.2205490570087643,2.2994995148956927,4.458105382804601,3.8455228564304524e-05,0.5128555782889807,0.2363897354955878,4.78275485735496,0.0004887621082823947,1.0155111254888152,1.7250645420649637,2.6966641532327515,0.0042443183069943175,1.028635374868571,1.4253288298994289,3.930440254617529,-0.00406647838088169,0.7756441851805967,0.8194711962158715,5.7444910512926235,0.6406666666666666,0.14441353892489428,0.19467476942327094,0.017929939712964253,0.010023542902612008,54.822566666666674,26.23706666666667,16.473139999999997,0.9123240354463339,0.3920142716046185,24050.2,0.036379778662515606,1.5120380088686014,1.9478011081395432,2.753561598649397,0.5688369984652787,0.4274040216343556,0.4908089996435581,0.31100230283035096,0.0856917541854235,0.07217295745091748,0.06380061748683005,0.0028784114880770514,0.03436385424773232
BFA,16.666666666666668,0.59,1.7415827463906677,131485.66666666666,71.09253268181854,5.405949798867607,0.6935855374169216,2.8707259243265106,4.766666666666667,83.76333333333334,8.033333333333333,6.3999999999999995,4.983333333333333,-0.00023190698341509666,0.3313059123148705,0.014522017478524107,0.018782161853737638,-0.013933313853164734,6620.333333333333,17612.333333333332,16417.666666666668,7628.0,15548.0,23130.666666666668,64612.333333333336,13320.333333333334,589.6666666666666,13320.333333333334,6342.333333333333,979.3333333333334,1498.0,14.73099768177213,8.977654423417689e-05,3.6937095688207635,14.898425531180289,9.781160797544343,0.0019224876191309902,1.0320535377880222,1.0291727052881103,3.4893953405484037,0.0006033520980367135,1.1493452678935887,1.843083134990776,2.0421701530871457,0.00677415148636945,1.1177460266627983,1.7610975886973452,5.194999440437719,0.0009814236721327363,0.35147717720865845,-0.2709121471512277,5.494073842040536,-0.0009622202488315804,0.7900953612485333,0.8390058102914538,3.170598295915847,0.004117303550111931,1.0588935250598348,1.6360482947990385,4.8608071504060435,-7.990132757616817e-05,0.6053414558500125,0.17510384739060023,6.734559695768598,0.6333333333333333,0.17711609189717784,0.2163777981494802,0.01758219410514607,0.009891939771060803,73.11676666666666,29.556833333333334,18.51103333333333,0.9339360058293513,0.46648324637846406,15828.0,0.03706065385103038,1.47321163900992,1.909204321582079,2.6981444520276923,0.5681158993966752,0.4388967139601169,0.501845978095331,0.3425593388959247,0.08914021235974723,0.076380314964525,0.068671604102181,-0.00023860621207370467,0.027376793023532117
EDGAR_AWARDS,19.4,0.581,1.7091335791657005,108934.5,85.67746012165652,5.4809991723801295,0.6735200523457223,2.9504852952027765,4.390000000000001,86.401,7.720000000000001,5.930000000000001,4.970000000000001,0.01616019310386171,0.33533782582939564,-0.01028156604651051,0.0199064476356826,0.027890836805164382,4818.6,14372.1,13712.0,5169.5,13951.0,19040.5,53297.9,10983.8,470.6,10983.8,4659.2,925.0,1243.5,14.314676143934912,0.00011578326503253495,3.5213028858345785,14.470663662087395,9.546326686567026,0.0004323557759771902,1.1263856854476677,1.9011212640558326,3.1725771307467356,-3.297247218671883e-05,1.1756290535989853,2.3165424735495117,2.0417962236182285,0.0009502968719440971,1.020732096482255,1.425975569547179,4.279369668572061,-0.0015680212860314524,0.5680729729311957,0.38866593561599383,5.036333616138036,-0.0001583857139826706,0.7566664935436248,0.8898711162172802,2.842977942495161,0.00024139796044684103,0.9961380979234123,1.3966488022483874,3.9537936364031063,-0.001960731899865173,0.8438150071159349,1.3942694932112456,5.9082804525940436,0.6050000000000001,0.16138535630996248,0.23587469915248177,0.015997247785919422,0.009763746551924541,42.21027,21.87865,14.158750000000001,1.0093963863498696,0.37590925245156714,13241.4,0.03427306345730521,1.3738339384617908,1.8603221386625903,2.7496371145608256,0.5825820756393675,0.4256525287787742,0.5025552772935699,0.29931810917409507,0.08417903217567388,0.07076602735657604,0.06484892366349349,0.01614829562226069,0.031644013104952254
ROMANTIC_AWARDS,14.166666666666666,0.6279629629629631,1.8350483396558759,158810.27777777778,76.51000240097844,5.392752075699265,0.6859071209050173,2.942649869856413,3.968518518518519,86.6012962962963,7.2907407407407385,5.466666666666668,4.825555555555555,0.04357349475884246,0.352939284088709,0.04914222313061561,0.046270517668628226,-0.00506595440202962,7121.0,20886.777777777777,21268.722222222223,7383.666666666667,21684.055555555555,29879.444444444445,75749.33333333333,16473.333333333332,649.9444444444445,16473.333333333332,6963.037037037037,1132.4444444444443,1751.3333333333333,14.780692393799551,9.626285395898628e-05,3.515255964574795,14.951860682702057,9.76794328081775,0.002377464080182092,1.1764806348579748,2.229461445626983,3.475574754156863,1.014017287902134e-05,1.184045056806999,2.1295476647122515,2.0887865370848413,0.004916919942910991,1.0972904598773054,1.8099274956430913,4.705694703450645,-0.003988278911910753,0.5376011060406066,0.2976798696498847,4.994621925059868,0.000984659107805305,0.9532780870348299,1.5046625932063602,2.824859690848666,0.0017710599201165038,0.9785178638528568,1.4647536250859245,4.137914002008663,-0.007892719041491572,0.7469741760747423,0.7164340558553327,5.854981583888793,0.6401851851851853,0.15609947236007696,0.20151586073706507,0.013845441683821026,0.008092464342532999,46.59869629629628,23.096983333333338,14.858005555555556,1.0375696011301405,0.34227711146571704,20618.777777777777,0.03142744504782242,1.298868638641169,1.9514213418548192,2.7653383450397135,0.5853064278954613,0.42939479850522305,0.498866200360424,0.30771622991197145,0.08716840587399648,0.07190783681136416,0.06490220888537551,0.04357005098596388,0.03949533490288664
WORLD_FANTASY_AWARD,15.642857142857142,0.6010714285714286,1.7963078326087025,179600.07142857142,87.66013340844071,5.386217959844568,0.6912940079396409,2.9216032477091862,5.028571428571429,83.6892857142857,8.010714285714286,6.85,5.010357142857144,0.020858534746606976,0.34967610294203816,0.011421788577109898,0.025342688956501942,0.0101291973667488,8811.67857142857,25061.89285714286,22825.10714285714,9045.82142857143,21283.214285714286,30293.714285714286,86569.85714285714,17708.928571428572,806.1428571428571,17708.928571428572,7441.928571428572,1389.5714285714287,1658.357142857143,14.815818467224315,8.723995259382965e-05,3.6728794864259995,14.980342587776713,9.827669522655398,0.0025065008202934612,1.210916990499582,2.141180932745507,3.337058741968378,0.001199859427804422,1.1178972490398713,1.5818180254746097,2.165599410781128,0.004885799963451859,1.0644764020846227,1.5696837539180677,4.445771842273621,-0.001673774599252366,0.49991904062130155,0.1762474118520716,4.994735062884334,0.0011173598630369668,0.8220664723180902,0.9144251452525927,2.820598512848285,0.0032042949886742366,1.0320509526317734,1.48113401986689,4.03421650852121,-0.0038273428586694832,0.7322580734756287,0.9522068442469708,6.206742822685787,0.6282142857142856,0.16170827911792346,0.20776726625739841,0.018359930550357183,0.009541217002743619,61.60746785714285,28.71777142857143,18.210057142857142,0.9163300170040584,0.39626172752392314,22018.964285714286,0.037187976675505684,1.4947815848991357,1.9414778775573374,2.749239537575814,0.5727647941482641,0.42928533868712654,0.49474927494688,0.312064189616089,0.08584186077751403,0.072276628422233,0.06511467689964852,0.020857579845988534,0.03268762763064243
MYTHOPOEIC_AWARDS,12.2,0.6119999999999999,1.8700879292477957,123319.4,90.98940055895115,5.190408924905678,0.6945317011652468,2.9453968086690288,5.32,82.30199999999999,8.18,7.38,5.098000000000001,0.0037608245218197943,0.368771372504726,-0.022700073187434243,-0.0020666647801606485,0.028032282931518115,6164.0,16906.6,16029.2,6572.4,13793.6,20375.0,59542.0,11755.0,596.4,11755.0,5544.4,843.2,1157.8,14.585770530141968,0.00012076846249937764,3.7430362207801444,14.72220222038749,9.75171448847847,-3.257144410993059e-06,1.1062382991380133,1.515216496181217,2.9429611289401967,-0.00771325757804438,1.015359147673103,1.2367185492894617,1.684016694004876,-0.0007015323902371084,0.8864589489415178,0.9087796863619018,4.091787035171347,0.01548952101142762,0.577380736967468,0.21955775824909515,4.6158056059945825,0.004008653381638723,0.8169682808705645,0.6785451913515081,2.730836089078862,0.0058152164701642415,0.8637586743026864,1.2289717764245924,3.216040144518562,0.020468421480289524,0.6681628442451252,0.23172452643582558,5.211179121574669,0.644,0.2035578097055625,0.21069250146240623,0.01898672353677807,0.008913157417861518,68.66416000000001,28.219820000000006,17.544940000000004,0.9154889936392008,0.4044414408012808,15432.8,0.03619859252181465,1.5125914896162214,1.9639927611919934,2.6964661373029926,0.5643165041759639,0.4337487119598403,0.5035653491769817,0.2937470626567297,0.08274165591472872,0.06981676224131159,0.0643054110689263,0.0037589065627582465,0.04403978481791583
PHILIP_K_DICK_AWARD,18.25,0.5924999999999999,1.6553283445059959,94538.75,66.8180577666001,5.774677607953581,0.6944684321439332,2.839564980372624,3.75,87.8325,7.2,5.6000000000000005,4.995,0.004085642271706935,0.3168896927397475,0.0219844173437741,0.025098113760992587,-0.018360280691883498,4574.75,14564.75,12603.5,3991.0,11126.25,17941.0,42006.25,9618.0,275.5,9618.0,3456.0,668.75,838.0,14.507898218624069,0.00013403046045366683,3.6327337862186724,14.66371425358788,9.816302947221331,0.0027968140958773676,1.165454133378221,1.8231340428052105,4.176823644704145,0.0007469800571157833,1.5157290792968912,5.016928448370844,2.6338140301249893,0.004358064508390944,1.1437536951984886,2.0074015763185074,6.070730800956658,0.0006509847989819703,0.546472673492251,0.3096184047928742,5.173191323552256,0.001939359680145921,0.795295184221179,1.07224987808392,3.169346040289499,0.004570486135884901,1.2067516034870927,2.567192013323067,4.923928041407402,0.00012697124318082647,1.0267013425458726,1.6970608512554333,6.122038660360266,0.6175,0.20708072083217793,0.24244030822616494,0.016423464869907246,0.007067878250427288,78.288775,34.695949999999996,22.039425,0.8759984071531433,0.31610717970996316,12328.0,0.02502532781799918,1.5261758470958284,1.8850445036930048,2.8621747768637436,0.5639336491121824,0.42286519938618583,0.48101161709668383,0.3476122886685549,0.08651034336140775,0.07411342238396003,0.0650471251448609,0.004080375572272303,0.0366528085101978
J_W_CAMPBELL_AWARD,14.942857142857143,0.6094285714285714,1.764916793174682,154058.14285714287,82.52963785402842,5.439235263709705,0.6971577683116339,2.841023657563082,5.305714285714285,79.77999999999999,8.542857142857141,7.140000000000001,5.143714285714286,0.02046074738686796,0.34029344484940804,0.02920340254969341,0.032862507475121865,-0.008439359927112524,8575.342857142858,22918.428571428572,19050.0,7590.171428571429,16631.97142857143,27233.657142857144,71240.94285714286,14765.857142857143,759.2571428571429,14765.857142857143,6235.0,1130.6285714285714,1490.4571428571428,14.99532084833931,9.831722488469077e-05,3.771161372708934,15.151290590975353,10.09337604784321,0.0020453029647487385,1.1496004462947067,1.8798209335656704,3.4912621550890344,0.0006767637287744769,1.3174866252076158,3.12298095366808,2.1673395711704564,0.0033382905056272318,1.2121717567007166,2.5310752822292586,4.751858663468833,-0.0021275077312236934,0.5711896309523662,0.488357673770291,5.111662112275643,0.0005676797358882927,0.922094079650161,1.445529732878346,2.922439220200205,0.002965049642978777,1.0286187668581224,1.8197850537513727,4.228690460701586,-0.003980333498416964,0.7277768333779976,0.6061474867569346,6.022186116796874,0.6285714285714287,0.18855660743663974,0.23749093556294212,0.018028082051462804,0.008820540116695655,78.17818857142858,33.556957142857144,21.72444857142857,0.8503034495561167,0.3895537998497966,18290.742857142857,0.040375506296728696,1.637903800447651,1.939706813612513,2.7024686070847093,0.5761388005491938,0.43341371367218817,0.5090275277438725,0.31720328086599053,0.0854075938631757,0.07142612388259788,0.06632463336719473,0.020452635186014107,0.035763371930239964
PROMETHEUS_AWARD,16.55,0.6169999999999999,1.7808106786442797,186810.1,83.31229393435748,5.383910059749082,0.7058341208114987,2.851533339614548,5.535,79.10549999999999,8.645,7.300000000000002,5.0665,0.018371163525602207,0.3363792176414492,0.01955712421236727,0.03171793020239926,0.0005932287485227571,10471.95,27846.2,22635.6,9866.4,19931.75,30547.7,90851.4,17454.15,1055.75,17454.15,8258.85,1711.8,1731.0,15.021314440038314,8.835517113306551e-05,3.8248465406258005,15.180912863306071,10.014863012609439,0.0026293984769504885,1.1436249612469476,2.038150470302104,2.970009235389969,0.0011264797075978832,1.2606268313293707,2.2890000448660244,1.8657059487616334,0.0044711007641388386,1.0989017481605283,2.036966708455132,4.092382950687436,-0.0019472817513857086,0.5401268519886933,0.19220877384160165,4.922651991319406,0.000618214811188209,0.8636447215315604,1.1536816254957707,2.728695777618025,0.0027046935883612544,0.9475435581014884,1.3736199564202194,3.7351876868373006,-0.0033795776261579236,0.7879576478299053,0.8439683960136218,5.558808879458214,0.6315000000000002,0.17552075887222907,0.21245122557257004,0.019426666171558804,0.009834858377868922,74.35918000000001,31.737899999999996,20.395469999999996,0.8365144199158253,0.42924627859574116,21579.85,0.047188811761610334,1.6748951453827439,1.9561257636570275,2.6735378163414754,0.5752957262827513,0.43384518260783145,0.513064884248726,0.31012911175656666,0.0838081967699489,0.07120079035891942,0.06602480966935828,0.018357839290296107,0.03418235692901826
PENGUIN_CLASSICS_SERIES_TITLEBASED,15.93421052631579,0.6136842105263157,1.7734165561584245,138465.27631578947,89.37798673644244,5.089939664700459,0.6804508769826313,2.920236622526898,5.713157894736842,81.63381578947367,8.467105263157896,7.396052631578947,5.15,0.042772255440871564,0.3685526000506702,0.02150356945519352,0.05686954683996297,0.02307477547694811,7200.87012987013,18975.155844155845,17000.33766233766,6823.402597402597,17567.233766233767,23259.14285714286,68568.53246753247,13577.35064935065,664.3896103896104,13577.35064935065,5846.974025974026,1251.8051948051948,1521.5324675324675,14.487946232896462,0.00011801757979327445,3.6702629199293835,14.6353317244836,9.5879073265597,0.004263275020264279,1.107269330731715,1.741554568075086,3.6015622930515225,0.0014559972155787527,1.2274278488767585,2.3639536033245254,2.188012770178842,0.006660966319566697,1.017536013108379,1.422563914177986,4.860052688336858,-0.011462996106281686,0.515241777816119,0.3266857621045988,5.290557613006585,0.0019391987221779785,0.9038782778193877,1.3218739135764404,3.0800683844897367,0.0123808680185748,0.8941130417027983,1.1274223152338356,4.3139975799788735,-0.01045879909423283,0.7276369807747893,0.7318239294574865,6.201143359698722,0.6307792207792208,0.18330678625898447,0.23461552763882426,0.019645910626085148,0.009920348286542603,87.38714025974026,33.30385454545455,21.130402597402597,0.8997712610538218,0.3975325398015139,16335.948051948051,0.04428555189316752,1.5751609030380322,1.8719286669005146,2.6879194860116793,0.5843623868964719,0.4302986810500188,0.5030304366134556,0.2959404653305247,0.08642023785323237,0.07086022807179428,0.06601810582385012,0.04275973923004032,0.045033046106553724
PENGUIN_CLASSICS_SERIES_AUTHORBASED,16.906626506024097,0.6101506024096386,1.736178781115302,108809.38253012048,106.83049890373185,4.975245581073453,0.6879966797173384,2.875408494476462,6.788855421686748,77.78331325301205,9.102710843373494,8.776506024096385,5.42539156626506,0.051589835386619196,0.3795109330038844,0.04484148275220217,0.07026723649552968,0.007823916298257858,5860.570149253731,15336.489552238805,12812.93432835821,5370.7940298507465,13160.313432835821,17225.549253731344,54115.53731343283,10147.149253731342,584.7791044776119,10147.149253731342,4666.859701492537,1050.64776119403,1117.4358208955223,14.342241346803831,0.00017147397317188485,3.7616085964910897,14.472393799105605,9.62828830999634,0.003931511841451431,1.1673510443664483,1.9562041228859797,3.5523730790563426,0.0010179551314025376,1.2681501557148884,2.555367216633933,2.208324812274515,0.005729166059161266,1.1378109384537585,2.009260294473646,4.808037893249178,-0.002792202274455003,0.5585585669092998,0.45823947819180083,5.346210368928327,0.0017267886727938566,0.8598773764456131,1.1492520178948389,3.0494953895177734,0.00668669216632746,0.9857401896124249,1.4937911620234583,4.329089407965309,-0.0021171974763511217,0.771066905819747,0.9334764368649535,6.427872083198087,0.6226567164179105,0.23028042808330149,0.2760328821640531,0.021501482834851683,0.010779386626089623,100.14695880597016,37.639933731343284,23.756350447761196,0.8318037151095299,0.4202336806792843,12228.155223880596,0.05015973264282969,1.7083409654106063,1.8107656003812993,2.6564201315922347,0.5867210121622036,0.4319860603036101,0.5075411822841542,0.29582602383090273,0.08577249149686254,0.07020980120945325,0.06601380141174097,0.05156121302902905,0.05257738295664172
SCIFI_AWARDS,15.92638036809816,0.6107361963190184,1.7512177854358575,151744.71779141104,83.74966197704263,5.4589972487179,0.6950073534127346,2.864638824276966,5.292638036809816,80.55079754601228,8.452147239263804,7.092638036809816,5.103435582822085,0.016788835354308973,0.33793286967897634,0.02035609395257542,0.028535381126925385,-0.0030488840776566662,8114.711656441717,21880.914110429447,18956.20245398773,7448.736196319019,16922.68098159509,26655.68711656442,71585.61963190183,14704.680981595093,755.601226993865,14704.680981595093,6471.325153374233,1194.2085889570553,1534.5460122699387,14.87534265741156,9.927130314746029e-05,3.7462693667959615,15.031946715824223,9.966370672333893,0.0023290863222993796,1.1659199334958634,1.9709931198266015,3.444118635811522,0.000698327643346943,1.2067954218442491,2.2612617449541785,2.1892036497295724,0.003486080369654541,1.140706534745752,2.092667550180454,4.708367832794228,-0.00278384645386986,0.5593431079524698,0.3604269468190904,4.907357894583627,0.0004373670937389212,0.8995066836163975,1.3035954464825719,2.8498497497513045,0.00245109095395221,0.9987008673617301,1.6142808376299784,4.221730661775731,-0.0030751998596147026,0.7529113818494754,0.7947817468168099,5.820397298393057,0.6293865030674847,0.18437055880953493,0.23101281549693062,0.018203347229445433,0.009324461889032616,76.19178773006135,32.7154527607362,21.12705889570552,0.8929293721534861,0.3909152571218534,18200.601226993866,0.04124042958071102,1.5713557458459582,1.9140518405433558,2.7019563438484435,0.5753808252224162,0.43464305629234906,0.5093714092023138,0.31640034615471463,0.08550755684057361,0.07188551390966784,0.06663696446758027,0.016784017529854818,0.035584617146378665
FANTASY_AWARDS,15.6,0.6054999999999999,1.8191184111390641,188487.35,87.69225147309687,5.3347461028886745,0.6921842776666136,2.9293364522257135,5.0,83.98325,7.965000000000001,6.897499999999999,4.995,0.017003691880903227,0.35435652824383396,0.006107296794504692,0.02194379686192461,0.011872180562037645,9220.4,26081.975,23837.8,9394.35,22394.5,32046.425,90958.525,18689.975,864.55,18689.975,7980.05,1432.975,1774.625,14.838726716942404,8.634523382464233e-05,3.6820946587640826,15.00358997302373,9.813073536519914,0.002339570122629674,1.2106913612915586,2.079010316014985,3.316359065555967,-8.77238049200543e-05,1.139158773539073,1.8050669775517256,2.087289316797743,0.004502942810414188,1.0733193641756595,1.6037659096975834,4.461738771421077,0.00047752440084335797,0.5258927048323754,0.23795801410644693,4.998040426056863,0.001164416962019163,0.8328605737917361,0.9429868362864962,2.8510602882854843,0.003737734852275282,1.022960407193787,1.5544125554691894,3.9891833413753206,-9.954979903963531e-05,0.7192016999792921,0.7739591173331849,6.09967372859095,0.63375,0.16249861727953194,0.20004242903801012,0.01849280975035355,0.00939374026917825,64.934215,28.711017500000004,17.997395,0.915017550450635,0.39957958353726186,22973.25,0.0374679432206783,1.4991100869765854,1.955281195767499,2.735404996201473,0.5718649322871028,0.43165499207852054,0.49731728725759367,0.3090201097461838,0.08566873411689999,0.0720577769224937,0.06526654669282925,0.017002159610541905,0.03380853678455264
HORROR_AWARDS,14.210526315789474,0.6136842105263159,1.8325145410352306,215381.73684210525,88.5860541216778,5.30667454366058,0.6972904207252002,2.8726722746122464,5.189473684210526,82.97894736842105,8.021052631578947,6.873684210526315,4.964210526315789,1.0461672646502446e-05,0.35395295186031045,0.0017024957293852022,0.0015818870217619014,-0.0019515502095283051,10852.578947368422,30225.526315789473,27041.105263157893,10777.052631578947,25547.052631578947,34876.89473684211,104756.63157894737,21165.78947368421,946.578947368421,21165.78947368421,9063.736842105263,1738.0526315789473,2126.6315789473683,15.00514443376044,6.466582722751749e-05,3.672979198920651,15.169865510687115,9.878646834102174,0.0017358490002027424,1.2542720776046705,2.134873909169695,3.1707070563680886,0.00032442687835404184,1.2002548051435955,1.9656156901347068,1.8075042268361674,0.003264049897173776,1.2172713149787022,2.2491851792578323,4.353578599961376,-0.0005448235524645688,0.536310169827546,0.3193736852833982,4.7938456934318125,0.0005298245199380075,0.9833262434414667,1.6236217175782188,2.703093461709989,0.0034839893001487065,1.0415568596421139,1.5185431260127709,3.8296163681931583,-0.004094788864516574,0.8115747375865007,0.9212452946631732,5.64581526758887,0.6357894736842106,0.14236460080006888,0.1893298611333009,0.018459301624991414,0.010045010673958108,57.117436842105256,27.062673684210523,16.985384210526313,0.8980486330482694,0.4000256044912186,26094.526315789473,0.0365787796425196,1.536071524504565,1.9557952341920646,2.751793035128563,0.5668295889097836,0.4277530113141756,0.4901920132693229,0.30871260062601713,0.08529887369842337,0.07195453959056719,0.06346986683231581,8.55894161071728e-06,0.032262748736303026
PUBLISHERS_WEEKLY_BESTSELLERS,16.172661870503596,0.6205035971223022,1.8112256171914591,189819.39568345324,87.2869411798059,5.208006455627171,0.6832856245269039,2.906434250430878,5.159712230215828,82.9958273381295,8.212949640287771,6.883453237410072,5.010647482014389,0.038159993328384094,0.36521140884372477,0.03688879733051867,0.04837949832660482,0.001972350501547769,9829.53237410072,26120.179856115108,23467.705035971223,8995.93525179856,23029.87050359712,31759.719424460432,92333.07913669065,18736.172661870503,963.9064748201439,18736.172661870503,8234.302158273382,1691.1223021582734,1965.7841726618706,14.763897454889428,9.048231215592483e-05,3.6674356914404087,14.927301181791472,9.742508284547709,0.016580769026858115,1.1908684027815204,2.1289931682163865,3.341347242597749,-0.011541858962138468,1.2146679925677457,2.30188154702196,2.0764960468186655,0.005337352846724322,1.1186275418557752,1.8910566045267931,4.466220536521316,-0.01698151102840353,0.5492690021320862,0.3820562039147487,4.995199760923961,0.02194796382103781,0.9366904798822564,1.4169840332127899,2.8517343186068187,0.020666798795258606,0.9999908682897317,1.5409932588594422,4.024797523824101,0.0038130144839590547,0.7994969390701561,0.9759511083960011,5.906301620303224,0.636546762589928,0.1578218283880799,0.20810559570529236,0.01792665875840103,0.009905841786985692,64.10396474820143,28.55813165467626,18.028888489208633,0.911846531562179,0.3937127389990072,22503.798561151078,0.043678574324166976,1.548810500986241,1.935641814670339,2.7058339910916045,0.5850693102988764,0.432100269830665,0.5056039977574119,0.3059297886886843,0.08672678373464447,0.07145219987063044,0.06601210470353198,0.03815405637679138,0.03944797515199345
NYT_BESTSELLERS,15.292207792207792,0.6222077922077922,1.8486364843271734,215557.08441558442,92.57477064709087,5.159382799586363,0.6866266376991574,2.9213224631189165,5.351948051948052,82.06623376623376,8.322727272727272,7.037012987012988,4.973311688311688,0.03458764281348813,0.37090981001253887,0.02995157457074213,0.04663497967582147,0.0053759705074182705,11164.123376623376,29323.31168831169,26610.753246753247,10488.025974025973,25608.428571428572,35840.16233766234,105050.28571428571,21148.233766233767,1135.922077922078,21148.233766233767,9471.636363636364,1948.3506493506493,2203.3766233766232,14.887076773168932,7.507341075257103e-05,3.6744383275022443,15.055843499516154,9.775715519704638,0.004719544909418951,1.1693981932585442,1.911690676062245,3.289927323906085,0.0010140867911860173,1.2237388886901002,2.33661344211153,2.030607171379539,0.005395879331514319,1.1088001602177646,1.7397685473462328,4.509503329366067,-0.005863128875709854,0.5503768708915386,0.43861987992063844,5.031009420917262,0.001675088410155961,0.9192114914356976,1.4325471754798154,2.8437102462695107,0.007541347942696888,1.024304384385167,1.6049318860992994,4.0260077970124994,-0.005946567868541034,0.7733394656053009,0.8643299166828925,5.880379547337393,0.6384415584415584,0.14201890333946987,0.19352513563456916,0.0179066638530516,0.010175451753227706,57.423489610389616,27.045149999999992,17.14070064935065,0.9351934504393187,0.3944370285030471,25474.83116883117,0.044405236164466025,1.5071704474287257,1.9616338996614708,2.6909721162927958,0.5847305621270447,0.4328812416483545,0.5084613302970895,0.2990291372936756,0.08556099482166654,0.07048895737847799,0.06517668931802102,0.03458443097189894,0.039159015882881
PRIZES,15.811188811188812,0.6044055944055944,1.784798991516421,157410.3216783217,95.92861881108122,5.226214222296087,0.6884029313795522,2.886554642488775,5.6356643356643366,81.80601398601398,8.338461538461539,7.411888111888112,5.161258741258741,0.033818074655895466,0.36316945503454673,0.026796673400771787,0.03955713406606745,0.0078057464001699195,8069.770833333333,21891.493055555555,19651.652777777777,7669.583333333333,19166.13888888889,25887.29861111111,76578.30555555556,15296.326388888889,694.5277777777778,15296.326388888889,6709.430555555556,1386.486111111111,1757.388888888889,14.716025382753482,0.00010253072894682403,3.6718774171073907,14.864760633705455,9.775149045450696,0.004085676718192791,1.196078676816966,2.1266430817340782,3.369131293139967,0.000816588451297474,1.2554210888190829,2.5840043674852513,2.1709985583558815,0.004336218902298903,1.146532539050612,2.090164389445406,4.543327235400129,-0.0067776805930735975,0.5808310493065952,0.48378609349998425,4.959962015962482,0.0014071121437872107,0.9093918716799266,1.3314240200375083,2.851561481833509,0.007206062384796115,1.0279733961417992,1.6561795288515606,4.102623879606767,-0.006324206100628671,0.7987240079945751,0.9525341768900676,5.985299428619047,0.6147916666666666,0.17981582229029702,0.23411853341947653,0.017730650268659692,0.009468663011039134,70.04053402777778,32.999713194444446,21.16551736111111,0.8969645228458281,0.39382688584460673,18957.125,0.038215658410771965,1.5771321043295334,1.9004528619405707,2.7313442493722597,0.5833291986247505,0.42525600212561676,0.4986086014053097,0.29875474788740897,0.0844721787409135,0.0692815624517886,0.06426501392842662,0.033814798393299525,0.039139952584545085
NORTON,17.5625,0.6065,1.72933917575485,109319.0875,104.73889407034936,5.067907932369543,0.6844710085403801,2.9023069022143635,6.422000000000001,79.25695,8.843250000000001,8.34,5.361475,0.04060970632466761,0.3763229791732768,0.03140373836075092,0.05700555608125864,0.010205641582272272,5928.91,15766.925,13085.79,5314.7425,13113.83,17479.975,54054.19,10248.325,556.085,10248.325,4598.9425,1039.6725,1146.235,14.369813716145513,0.0001588221127086945,3.7265506564595525,14.503059652995498,9.640591661514675,0.0036584284056931596,1.1683301547980989,1.993337711773808,3.539434677044665,0.0006425077687564862,1.2407336664887205,2.442582310765486,2.19799033956989,0.005388960562122189,1.1087225739178779,1.8625875444890072,4.770126225973988,-0.0027643210964657366,0.5612861997304098,0.4483343302163172,5.2483827606724685,0.0016604632808704183,0.8622220392278228,1.1710913750976761,3.0016227135264937,0.0062563805717658185,0.986810495874443,1.4774822988961267,4.287878130700291,-0.0017471701761106247,0.7659945586536255,0.9300173383716637,6.368292966153562,0.6203,0.2183802060083436,0.2682840175116212,0.020359957189573886,0.010112914717424284,90.9648695,36.29359,23.096252500000002,0.850767087286072,0.40748127871632833,12529.705,0.04576800878120805,1.669292850809558,1.8168391171789509,2.683380609537349,0.5849398355880513,0.43124064660460704,0.5046519199109083,0.29733076082856025,0.08574884190166453,0.07016743707243156,0.06541899531367709,0.040592988167693245,0.05027669831597081
CANON,17.13290113452188,0.6072447325769853,1.7393252098340575,116289.12155591573,99.74051556673426,5.103468553864442,0.6846308840622978,2.9062620029637825,6.117179902755268,80.1921393841167,8.661264181523501,7.984440842787683,5.293841166936791,0.03742338173078901,0.3728565197847617,0.028865167411856962,0.050513341257250176,0.009566705505918495,6238.234627831715,16493.373786407767,14121.184466019418,5741.302588996764,14063.205501618122,19032.364077669903,57224.14886731392,11067.46925566343,571.8495145631068,11067.46925566343,4906.815533980583,1072.312297734628,1252.9466019417475,14.417436475368637,0.00015127988105738475,3.709180413983169,14.555304507549481,9.6575145608667,0.0032712341144908183,1.1684775277854582,2.002172568617694,3.491632183844658,0.0006734003054892445,1.2497044815166471,2.4663393897986934,2.156343411630053,0.004974278799095474,1.103877261083115,1.8486446598702146,4.7419010845831036,-0.0024003615064493696,0.5547102967972108,0.432339708246277,5.237554058468872,0.0012780325705803132,0.8722457170391487,1.2032552652387176,2.9767826579338332,0.00516243271668194,0.9796716624556582,1.455924000690543,4.243218844039885,-0.0026553522959150222,0.7669472626836399,0.903207930280548,6.341095846676794,0.6214077669902912,0.21001318583841588,0.2603739978180828,0.01966234703317715,0.010039545617334084,85.16840129449838,34.774637055016186,22.151924433656962,0.871526091079256,0.40674088434531325,13549.33495145631,0.04388338184021132,1.6366382743972825,1.8302801941282507,2.69406183388944,0.5834670817684787,0.4303785863119821,0.5028510827447741,0.3002391515082346,0.08606018263773618,0.07057460298980596,0.06550821538554312,0.037410438138738226,0.048068644514312774
PENGUIN_CL,15.93421052631579,0.6136842105263157,1.7734165561584245,138465.27631578947,89.37798673644244,5.089939664700459,0.6804508769826313,2.920236622526898,5.713157894736842,81.63381578947367,8.467105263157896,7.396052631578947,5.15,0.042772255440871564,0.3685526000506702,0.02150356945519352,0.05686954683996297,0.02307477547694811,7200.87012987013,18975.155844155845,17000.33766233766,6823.402597402597,17567.233766233767,23259.14285714286,68568.53246753247,13577.35064935065,664.3896103896104,13577.35064935065,5846.974025974026,1251.8051948051948,1521.5324675324675,14.487946232896462,0.00011801757979327445,3.6702629199293835,14.6353317244836,9.5879073265597,0.004263275020264279,1.107269330731715,1.741554568075086,3.6015622930515225,0.0014559972155787527,1.2274278488767585,2.3639536033245254,2.188012770178842,0.006660966319566697,1.017536013108379,1.422563914177986,4.860052688336858,-0.011462996106281686,0.515241777816119,0.3266857621045988,5.290557613006585,0.0019391987221779785,0.9038782778193877,1.3218739135764404,3.0800683844897367,0.0123808680185748,0.8941130417027983,1.1274223152338356,4.3139975799788735,-0.01045879909423283,0.7276369807747893,0.7318239294574865,6.201143359698722,0.6307792207792208,0.18330678625898447,0.23461552763882426,0.019645910626085148,0.009920348286542603,87.38714025974026,33.30385454545455,21.130402597402597,0.8997712610538218,0.3975325398015139,16335.948051948051,0.04428555189316752,1.5751609030380322,1.8719286669005146,2.6879194860116793,0.5843623868964719,0.4302986810500188,0.5030304366134556,0.2959404653305247,0.08642023785323237,0.07086022807179428,0.06601810582385012,0.04275973923004032,0.045033046106553724
NONCANON,17.114949910095042,0.6081929103519136,1.7448091374334993,115434.73558494927,85.33162089791752,5.319374249990103,0.6884998021931471,2.9164881590732303,5.093412097084885,82.99278797996662,8.146320791062026,6.799589058687555,5.088140490561192,0.03103302275710711,0.3519370517240792,0.0256134076533797,0.043069792806361404,0.0066573223399062935,5682.899434318039,15825.407039597738,14492.220741671905,5555.396354494029,14042.049905719674,19693.64148334381,55766.73136392206,11473.531992457574,561.6714016341923,11473.531992457574,5059.159019484601,953.4120678818354,1220.6100565681961,14.464319641329158,0.00015144932082882892,3.6645099326321864,14.60959537705031,9.684295715251942,0.002617031037027509,1.1852398065622325,2.0548423570330856,3.430312269375925,0.0002658626773244889,1.2584962040474976,2.469645438868573,2.1255397077655425,0.004239921063151982,1.1258130016837105,1.8949095183533393,4.654837930805842,-0.0014901890820924605,0.553869009492321,0.41989162667018387,5.150455081088949,0.001115170588309338,0.8844968410447575,1.2861369390185304,2.905371439732108,0.0034669895656144825,1.0062172332578803,1.5674857776133395,4.143626603815346,-0.002603726197643791,0.7667201845902931,0.8911182146810762,6.094918798001081,0.6254067647428644,0.19066565285205112,0.23938936114397513,0.017519217008244346,0.00981254052185175,66.7549700565682,28.438585166561907,17.983771992457573,0.9282169037739638,0.3858537799169027,13930.549340037713,0.04145737720767343,1.5054194268232752,1.8787215947506506,2.714676200169572,0.5813466040920395,0.43107448293129486,0.5043942250545854,0.3036937203622671,0.08514313158313602,0.07111196715014102,0.0651335345079886,0.031055973735712658,0.04192913237396866
